{"cameraMode":{"drawMode":0,"name":"Shaded","section":"Shading Mode"},"sceneLighting":true,"audioPlay":false,"sceneViewState":{"m_AlwaysRefresh":false,"showFog":true,"showSkybox":true,"showFlares":true,"showImageEffects":true,"showParticleSystems":true,"showVisualEffectGraphs":true,"m_FxEnabled":true},"in2DMode":false,"pivot":{"x":-125.93161010742188,"y":228.47903442382813,"z":58.545806884765628},"rotation":{"x":0.21851712465286256,"y":-0.3015245795249939,"z":0.07120364904403687,"w":0.925349771976471},"size":188.54942321777345,"orthographic":false}